{"white": 0.3199999999999999, "blue": 0.6499999999999997, "black": 0.6299999999999997, "red": 0.3199999999999999, "green": 0.6499999999999997, "colorless": 0.5}