{"creature": 0.43999999999999984, "planeswalker": 0.11, "artifact": 0.5899999999999997, "enchantment": 0.5899999999999997, "battle": 0.1, "instant": 0.6999999999999996, "sorcery": 0.3999999999999998, "land": 0.19999999999999996}